"","name_country","name_region.y","wd","summass","n","sumarea","nyear","massperyear","cropcount_spam","name_region","FDI2016","FDI2017","FDI2018","FDI2019","FDI2020","FDI_in","agri_export","GCF","export_value_1000$","export_tonnes","export_agriraw","latitude","averagetemp","mintemp","maxtemp","avgprecipitation","gdp","gdppercapita","agri_gdp","hdi2019","hditier","pop2022","pesticide per cropland","pesticidepercapita","pesiticidepervalueproduction","Npercropland","Npercapita","Npervalueproduction","Ppercropland","Ppercapita","Ppervalueproduction","Kpercropland","Kpercapita","Kpervalueproduction","name_country.y","averageuse","name_country.y.y","averageusepesticide","usefertilizer","ratiopesticide/fertilizer"
"1","Algeria","Africa",0.255974594494568,1624.2092,173,31726.702,5,324.84184,57,"Africa",1.02369638716223,0.7232598725207,0.838207480046885,0.804110686575591,0.776991758677732,0.833253236996628,0.042812035,47.1897663871277,459308,787504,792430.4,"28.033885999999999",22.7345017604224,15.6459437294275,29.8731653206793,116.927667040339,173111718218.984,4104.08570318812,12.4642407318585,0.748,"High",44903225,0.668,0.134,0.378,8.266,1.664,4.698,6.924,1.394,3.934,3.142,0.634,1.786,"Algeria",0.378,"Algeria",0.378,4.1,0.0921951219512195
"2","Angola","Africa",0.571990773870825,583.172,38,4078.2,4,145.793,30,"Africa",-0.360184268695437,-10.72495141998,-8.29905182490874,-5.91333383842152,-3.48097807763805,-5.75569988592875,0.224488827,20.5913649875115,41905,136737,109026.89,"-11.202692000000001",21.3100719955042,14.4892326030228,28.1811990303387,1014.72086336058,83048046114.6772,2702.33981561127,9.08972776297622,0.581,"Medium",35588987,0.01,0,0.01,4.238,0.72,3.69,1.66,0.282,1.442,1.974,0.334,1.716,"Angola",0.01,"Angola",0.01,6.97,0.00143472022955524
"3","Argentina","South America",0.36941978492766,136234.6288,272,1843915.031,5,27246.92576,70,"South America",0.584749931723909,1.78936428458758,2.232532212602,1.46840045667751,1.2122067456661,1.45745072625142,0.985115097,16.3071995782313,27609300,92539371,353948.53,"-38.416097000000001",14.8483559015967,8.40101173835745,21.3394850984606,452.310388594354,570072492593.115,12823.6045666478,5.41549761989176,0.845,"Very High",45510318,5.892,0,2.778,33.446,25.824,15.708,20.984,16.24,9.878,1.218,0.946,0.576,"Argentina",2.778,"Argentina",2.778,28.08,0.0989316239316239
"4","Australia","Oceania",0.327390172774303,67814.4364,373,1035707.952,5,13562.88728,77,"Oceania",3.56095429419089,3.63246939512402,4.29284940490712,2.80909001665667,1.40835758226303,3.14074413862835,2.462048198,23.9251758032256,11008710,25058849,1243041.01,"-25.274398000000001",21.3305884565895,14.1774416899741,28.5334158624677,420.224255807176,1449828340214.33,58062.4337780073,2.33749307217549,0.944,"Very High",26177413,2.032,2.524,1.562,45.618,56.744,34.936,31.022,38.566,23.83,9.036,11.232,6.956,"Australia",1.562,"Australia",1.562,9.67,0.16153050672182
"5","Austria","Europe",0.275544156754008,1529.335,206,27751.048,5,305.867,59,"Europe",-7.31091695803709,3.23990497953366,-6.28465704339643,-2.94845938225556,-4.20412488106063,-3.50165065704321,1.564232599,25.2244368375925,5254746,4624750,2821565.56,"47.516230999999998",5.46461535111452,1.20205128957064,9.74666667595888,1051.69487116887,399442319603.399,45215.4249206177,1.12449997697783,0.922,"Very High",8939617,3.464,0.544,0.77,79.928,12.576,17.804,20.642,3.248,4.598,24.908,3.912,5.544,"Austria",0.77,"Austria",0.77,4.74,0.162447257383966
"6","Azerbaijan","Asia",0.430190399024877,266.9574,33,3102.789,5,53.39148,59,"Asia",11.8826533237788,7.01687943666137,2.97794611197123,3.12183056112494,1.18790387182911,5.23744266107309,0.51840747,22.8326948458739,775630,815662,183591.74,"40.143104999999998",12.8652778201633,8.05722221897708,17.713611178928,511.619442409939,52037120163.6436,5238.78196611226,5.77180529545951,0.756,"High",10358074,0.232,0.054,0.108,54.608,12.774,24.708,0.2525,0.0575,0.1225,2.584,0.608,1.164,"Azerbaijan",0.108,"Azerbaijan",0.108,29.72,0.00363391655450875
"7","Bangladesh","Asia",0.393970500676501,17365.8442,126,220396.583,5,3473.16884,55,"Asia",0.879489435699778,0.616295206593397,0.753510982649492,0.543233649182274,0.407944223593987,0.640094699543786,NA,31.3061764232946,439352,526231,2516889.59,"23.684994",25.3829787639861,20.7636169677085,30.0525530957161,2290.93830774186,239067746991.093,1480.00059202176,12.5754310328522,0.632,"Medium",171186372,1.66,0.09,0.402,141.652,7.97,34.05,77.002,4.332,18.512,49.192,2.764,11.83,"Bangladesh",0.402,"Bangladesh",0.402,12.27,0.0327628361858191
"8","Belarus","Europe",0.123462285922488,4881.6464,225,197733.695,5,976.32928,39,"Europe",2.6128050216432,2.33213850448518,2.3762618776861,1.9768777744873,2.2631473473995,2.31224610514026,2.984854596,27.8383762547032,1401496,2733629,462433.08,"53.709806999999998",6.7065178666796,2.20330357604793,11.2284821442195,615.670534406389,57428962425.9214,6088.33710211533,6.98460464817353,0.823,"Very High",9534954,0.668,0.41,0.338,69.894,42.948,35.562,15.422,9.474,7.856,67.748,41.616,34.486,"Belarus",0.338,"Belarus",0.338,44.97,0.00751612185901712
"9","Belgium","Europe",0.333090300464281,3280.5854,270,49244.955,5,656.11708,52,"Europe",12.0862954763607,-7.41675753843461,-7.65649926987644,-5.61763290680491,-3.36810751155675,-2.3945403500624,1.219019774,24.6292721356176,22238448,23304509,3311185.4,"50.503886999999999",8.858333296246,4.56277771790822,13.1888890266418,715.749996609158,477992931992.953,41807.4939939717,0.640126536226724,0.931,"Very High",11655930,7.27,0.554,0.69,198.644,15.142,18.834,21.764,1.658,2.066,69.514,5.298,6.59,"Belgium",0.69,"Belgium",0.69,30.46,0.0226526592252134
"10","Bolivia","South America",0.160856007070244,3807.3256,97,118347.817,5,761.46512,64,"South America",0.988080149462259,1.89949328085862,0.750524780939579,-0.529735011311977,-3.08351648267274,0.00496934345514832,0.566431699,19.9054282271056,1285095,2604595,48951.27,"-16.290154000000001",21.1430874900088,14.8213661360692,27.5100819243759,1061.58333671028,36134439447.9623,3183.29397255531,12.0931647248802,0.718,"High",12224110,4.14,1.71,2.836,4.094,1.692,2.812,3.042,1.252,2.084,0.866,0.36,0.594,"Bolivia (Plurinational State of)",2.836,"Bolivia (Plurinational State of)",2.836,8.57,0.330921820303384
"11","Brazil","South America",0.263958529267691,360721.2402,328,6832977.79,5,72144.24804,62,"South America",4.13737853873766,3.33826028428024,4.07748708411665,3.69267330399385,2.60853064048293,3.57086597032227,5.309016718,15.2275178150239,65218208,179502933,1272095.79,"-14.235004",24.819762669765,19.4384838648819,30.2514133541203,1769.56411578847,1775185800274.66,8477.35714950602,4.80212098938208,0.765,"High",215313498,5.944,1.8,1.572,74.376,22.51,19.552,81.164,24.556,21.312,102.612,31.078,27.058,"Brazil",1.572,"Brazil",1.572,15.44,0.101813471502591
"12","Bulgaria","Europe",0.183585001846393,2548.4594,184,69408.297,5,509.69188,79,"Europe",2.75870709167437,3.39072421691432,2.72719509208229,3.22315401161401,5.18606931256905,3.45716994497081,1.170154972,20.262419465685,3912203,9546361,304707.15,"42.733882999999999",10.3126666810777,5.3424444410536,15.3157778633965,749.48444281684,54735759918.3859,7791.10865430288,3.64521021787583,0.816,"Very High",6781953,1.272,0.658,0.894,97.542,50.3,69.27,21.036,10.848,14.948,10.986,5.672,7.8,"Bulgaria",0.894,"Bulgaria",0.894,33.81,0.0264418811002662
"13","Cameroon","Africa",0.33012283599137,203.1282,18,3076.582,5,40.62564,59,"Africa",1.96334938487708,2.25620956446468,1.91398182081519,2.58319634858929,1.65468961886857,2.07428534752296,23.871378,19.0957799712667,1052043,657622,202565.2,"7.3697220000000003",24.1639743340321,18.8540384647174,29.5243589939215,1690.66153951792,35993205755.0823,1426.53528973187,16.9136957852615,0.563,"Medium",27914536,0.87,0.268,0.708,5.71,1.754,4.622,1.518,0.464,1.23,2.886,0.882,2.336,"Cameroon",0.708,"Cameroon",0.708,23.75,0.0298105263157895
"14","Canada","North America",0.218106720148596,53167.9896,187,1219007.018,5,10633.59792,54,"North America",2.23835012140903,1.53752071953934,2.46931207254863,2.78685844027932,1.61408526175543,2.12922532310635,4.344522227,22.9409629274989,35547847,73139361,3046649.13,"56.130366000000002",-7.0340417842793,-11.7667668713667,-2.3131850238035,465.951976551931,1632083375221.61,44029.5641941665,1.81737070060274,0.929,"Very High",38454327,2.246,2.348,1.74,68.784,71.73,53.136,28.112,29.32,21.722,12.72,13.224,9.78,"Canada",1.74,"Canada",1.74,36.78,0.0473083197389886
"15","CENTRAL AMERICA-CARIBBEAN","North America",0.364228663976662,775.568,122,10646.82,5,155.1136,70,"North America",4.1626755229485,2.61966350663195,3.75857577312849,5.19981478617607,5.4816115848892,4.24446823475484,1.958692727,18.5508877338641,NA,NA,NA,NA,NA,NA,NA,NA,NA,NA,NA,NA,NA,NA,NA,NA,NA,NA,NA,NA,NA,NA,NA,NA,NA,NA,NA,NA,NA,NA,NA,NA
"16","Chile","South America",0.415602357631771,9858.6074,286,118610.083,5,1971.72148,65,"South America",4.94532193818291,2.21729324037261,2.62680355492942,4.51805365073962,3.37438737478297,3.53637195180151,6.806729177,23.4474975607961,6280808,3782541,472446.52,"-35.675147000000003",9.62406777921369,4.74359321297478,14.5457287982359,1106.87864212303,253083204028.26,13539.267972381,4.09515547624358,0.851,"Very High",19603733,5.784,0.524,0.784,136.818,12.448,18.526,82.134,7.47,11.114,58.14,5.284,7.862,"Chile",0.784,"Chile",0.784,18.06,0.0434108527131783
"17","China","Asia",0.345690361080974,506038.3384,338,7319264.34,5,101207.66768,103,"Asia",1.55564214957618,1.34913267883946,1.69390529382545,1.31071877840352,1.7231837927804,1.526516538685,0.400343585,43.2111858926227,45064469,34627521,47705428.19,"35.861660000000001",6.33128947326129,0.137976313832363,12.5423473748305,533.288973411259,13373133346903.2,9540.53426185618,7.48124111979252,0.761,"High",1425887337,2.212,0.206,0.334,208.246,19.376,31.45,82.468,7.674,12.458,80.204,7.462,12.114,"China",0.334,"China",0.334,8.68,0.0384792626728111
"18","Colombia","South America",0.483363513096877,17608.0406,219,182140.824,5,3521.60812,68,"South America",4.8998275387021,4.39294490125625,3.38083576651695,4.32953910442896,2.75938788621275,3.9525070394234,4.275397108,21.3174467039757,5495839,4968922,365839.88,"4.5708679999999999",24.4766129652659,19.6337096819314,29.3696236251503,2626.78226298671,306978395742.863,6191.14186619913,6.60467480630963,0.767,"High",51874024,0,0.862,1.814,65.424,9.868,20.798,32.252,4.78,10.064,59.09,8.688,18.292,"Colombia",1.814,"Colombia",1.814,35.81,0.0506562412733873
"19","Costa Rica","North America",0.84360966909062,6988.6618,171,41421.31,5,1397.73236,52,"North America",4.45296238746116,4.83327530595031,4.82943871297369,4.22094019534647,3.38331924037636,4.3439871684216,1.926722037,17.438333150011,4049817,6348504,131009.1,"9.7489170000000005",24.4109998703003,20.6704999923706,28.2030002593994,3425.75003662109,61818973007.7318,12367.2690491731,4.54285685896666,0.81,"Very High",5180829,0,0,2.598,164.776,18.968,20.72,29.37,3.37,3.69,79.562,9.156,10,"Costa Rica",2.598,"Costa Rica",2.598,31.64,0.0821112515802781
"20","Croatia","Europe",0.281416731429736,924.3326,192,16424.484,5,184.86652,65,"Europe",0.822157033779655,0.818580275508292,2.11957998153972,6.27203131299435,2.06063754267705,2.41859722929981,4.527675315,22.4604628326817,1294804,3010554,272850.68,"45.1",9.88679983139038,4.82759999275208,14.9780000305176,1104.21999755859,54131470007.2818,13207.0946851044,3.00157342352439,0.851,"Very High",4030358,1.816,0.4,0.702,102.224,22.45,39.988,33.56,7.358,13.292,41.568,9.118,16.436,"Croatia",0.702,"Croatia",0.702,18.97,0.0370057986294149
"21","Cuba","North America",0.454561613036903,2069.2782,82,22765.406,5,413.85564,41,"North America",3.40820855496215,3.04090234064265,3.34986981608252,2.93563062954365,2.33546643337817,3.01401555492183,NA,10.6524501206709,212573,635590,43356.15,"21.521757000000001",24.0272223684523,18.8644445207384,29.2383334371779,1556.90278116862,87997934917.4312,7763.60399263103,3.57047257766154,0.783,"High",11212191,NA,NA,NA,12.522,3.91,10.058,3.206,0.998,2.51,8.124,2.538,6.544,NA,NA,NA,NA,NA,NA
"22","Czech Republic","Europe",0.17991864363839,3388.0194,275,94154.272,5,677.60388,57,"Europe",5.52835275386419,5.13872541173649,3.34391039785703,4.25829887665939,3.47089970569426,4.34803742916227,1.295544439,26.6261146178857,4013557,6513308,1154742.4,"49.817492000000001",6.70649998188019,2.24275000095367,11.1867499828339,645.685006713867,204703710554.398,19251.7069974439,1.97164207447482,0.9,"Very High",10493986,1.608,0.384,0.728,137.156,32.63,61.864,20.48,4.87,9.268,11.696,2.784,5.262,"Czechia",0.728,"Czechia",0.728,55.5,0.0131171171171171
"23","Denmark","Europe",0.112886595856635,2216.6332,119,98180.157,5,443.32664,42,"Europe",2.49237426030716,1.08613294747868,2.45600096718496,-1.09383100209731,0.444478741063032,1.0770311827873,2.668056372,22.2636231153837,4370428,4069413,2195536.94,"56.263919999999999",7.75259261661106,4.58518518341912,10.9525926378038,612.699997513383,324779453757.535,56122.1238842763,1.16417761618181,0.94,"Very High",5882261,1.142,0.478,0.29,96.342,40.31,24.476,15.322,6.41,3.884,30.202,12.628,7.644,"Denmark",0.29,"Denmark",0.29,32.35,0.0089644513137558
"24","Dominican Republic","North America",0.341197819098395,3110.0598,171,45575.096,5,622.01196,50,"North America",3.32357083376019,4.49748880772504,3.20786379861054,3.18097442749009,3.12081842826935,3.46614325917104,0.575235295,24.524979039196,1059539,1252409,170518.5,"18.735693000000001",23.4471428734916,17.6228570256914,29.3178570611136,1668.27142333984,82583542849.6852,7769.34064701162,5.45329782751197,0.756,"High",11228821,5.504,0.638,1.31,65.748,7.612,15.594,21.444,2.482,5.082,39.606,4.588,9.412,"Dominican Republic",1.31,"Dominican Republic",1.31,20.32,0.0644685039370079
"25","Ecuador","South America",0.558839356488913,15339.0174,191,137239.003,5,3067.80348,75,"South America",0.764611251516385,0.603626452849296,1.29125217069229,0.901430435411152,1.11161789322076,0.934507640737977,5.49833097,25.1917430385031,5656036,8495389,191188,"-1.8312390000000001",21.1693975149867,15.2057830684156,27.1824095622603,2430.42772665369,99128417586.9455,5809.93645729557,9.28816141228591,0.759,"High",18001000,15.05,2.142,4.416,85.164,12.102,24.984,21.804,3.098,6.4,48.622,6.906,14.26,"Ecuador",4.416,"Ecuador",4.416,32.46,0.136044362292052
"26","Egypt","Africa",1.16492272903154,14858.5364,205,63774.807,5,2971.70728,74,"Africa",2.43856278142762,3.1428260518732,3.2602627890206,2.97283696285301,1.6021238941076,2.68332249585641,1.839047942,15.795246024791,4221470,6932722,2222771.61,"26.820553",22.0998910389414,14.6824795751546,29.5666212710763,26.4182561937446,377820009282.872,3835.22129295992,11.4192376965697,0.707,"High",110990103,2.708,0.106,0.308,327.826,12.882,37.036,59.962,2.358,6.772,28.118,1.104,3.19,"Egypt",0.308,"Egypt",0.308,72,0.00427777777777778
"27","El Salvador","North America",0.387468628925561,1860.7798,130,24012.139,5,372.15596,41,"North America",1.98198031581358,2.01688451540263,1.58620478716365,2.58874905939536,1.51391280747256,1.93754629704956,0.787717357,17.1602463934021,699918,1256392,208038.43,"13.794185000000001",24.3200000127157,18.0416666666667,30.6533330281576,1715.68330891927,24623170430.2572,3834.97234590105,5.24764587439138,0.673,"Medium",6336392,2.962,0.406,1.624,45.778,6.28,25.104,12.918,1.774,7.092,13.112,1.8,7.194,"El Salvador",1.624,"El Salvador",1.624,39.91,0.0406915560010023
"28","Estonia","Europe",0.156037774187112,292.87075,101,7507.738,4,73.2176875,33,"Europe",3.8456728374778,6.44685216619255,4.04250268791943,9.86641705673578,11.5372081232553,7.14773057431617,7.092919485,26.9483691023972,730843,1566283,811477.82,"58.595272000000001",5.35000001059638,1.1022222119349,9.61074076758491,466.811110885055,25593251456.4133,19352.3091893302,2.27969905496349,0.892,"Very High",1326062,0.98,0.516,0.73,56.322,29.57,41.84,13.494,7.082,10,17.574,9.224,13.056,"Estonia",0.73,"Estonia",0.73,40.53,0.0180113496175672
"29","Ethiopia","Africa",0.0705120259231846,31.624,8,448.556,1,31.624,64,"Africa",5.57621272833279,4.91270717554002,3.98771253765884,2.65736063499647,2.22538575066647,3.87187576543892,4.607541218,35.2729058055142,1391700,931882,67362.82,"9.1449999999999996",22.9418716354166,16.3831015844396,29.5504010195401,868.82780827813,83111574077.8705,758.84040324738,33.7777118911296,0.485,"Low",123379924,0.232,0.04,0.218,22.166,3.628,20.93,9.566,1.568,9.05,0.066,0.01,0.064,"Ethiopia",0.218,"Ethiopia",0.218,16.92,0.0128841607565012
"30","Finland","Europe",0.146829748893819,754.9886,135,25709.403,5,150.99772,36,"Europe",2.1281913787807,6.70809995996687,-3.83428376041325,5.81422412967427,-0.871433103865679,1.98895972082858,7.330821969,24.2266905449864,518393,998645,1283383.07,"61.924109999999999",1.25620408318177,-3.21289795641692,5.72763266636401,409.643265580158,249048808117.344,45165.2429555573,2.36235091080979,0.938,"Very High",5540745,1.988,0.81,1.432,62.422,25.414,44.918,11.418,4.646,8.218,17.086,6.954,12.31,"Finland",1.432,"Finland",1.432,13.62,0.105139500734214
"31","France","Europe",0.34152539268125,52529.6982,347,769047.479,5,10505.93964,81,"Europe",1.32649169812718,1.38212038996387,2.77657814362355,1.96049400180615,0.559831722979071,1.60110319129996,0.936139822,23.6158698746063,28258424,49813437,5775374.04,"46.227637999999999",9.63747081914301,5.04891050673644,14.263112841877,807.2642005297,2517169650939.53,37528.2086321608,1.54954119522668,0.901,"Very High",64626628,3.618,1.068,1.194,112.754,33.326,37.162,22.514,6.65,7.424,23.602,6.968,7.784,"France",1.194,"France",1.194,166.08,0.0071893063583815
"32","Germany","Europe",0.180429108747831,22321.1272,276,618579.858,5,4464.22544,55,"Europe",1.86485671126252,2.96695451159586,4.19553156536299,1.84345769492956,3.71199074700913,2.91655824603201,0.760282951,21.2249015565625,32201106,36614935,11609846.9,"51.165691000000002",7.88287295557517,3.85966850446733,11.9350276388516,679.44696112364,3511161688823.29,42387.8481738704,0.750698334750394,0.947,"Very High",83369843,3.916,0.56,0.922,119.61,17.194,28.102,18.12,2.602,4.262,35.17,5.05,8.276,"Germany",0.922,"Germany",0.922,94.24,0.00978353140916808
"33","Ghana","Africa",0.28725271842144,3018.071,63,52532.675,5,603.6142,43,"Africa",6.20550634742156,5.38848685157722,4.44140705490139,5.67745282272176,2.67803720912029,4.87817805714844,2.262144973,21.5384429768876,2663243,1659362,297267.9,"7.9465269999999997",27.0744736571061,21.9909209954111,32.2126317024231,1281.0355280826,58039936189.8589,1946.80388400804,18.9439132156026,0.611,"Medium",33475870,1.84,0.324,0.762,14.6,2.544,5.984,9.39,1.63,3.836,8.916,1.556,3.664,"Ghana",0.762,"Ghana",0.762,40.12,0.0189930209371884
"34","Greece","Europe",0.700506475840947,8836.892,234,63076.333,5,1767.3784,83,"Europe",1.39713720263227,1.7209047520311,1.89835335150905,2.43713306986596,1.74948780989098,1.84060323718587,1.829572363,13.1226230427886,4910677,4477680,462457.84,"39.074207999999999",13.4694736714949,8.4571929981834,18.5305262448495,808.698247541461,196170836160.066,18270.0471895252,3.80351345473738,0.888,"Very High",10384971,3.124,0.956,0.908,57.42,17.628,16.682,17.762,5.452,5.16,15.06,4.622,4.376,"Greece",0.908,"Greece",0.908,56.82,0.0159802886307638
"35","Guatemala","North America",0.651139380503117,8499.7896,180,65268.351,5,1699.95792,57,"North America",1.28045247920901,1.39328243744598,1.25995863140534,1.52007092823832,1.29421611324371,1.34959611790847,2.891987058,13.6999594375521,5449794,7961772,283833.91,"15.783471",23.0797368099815,17.6952632351925,28.5128946806255,2139.05001509817,67573775750.099,4133.14764157726,9.69810413394266,0.663,"Medium",17843908,5.7,0.676,1.324,87.56,10.372,20.304,25.646,3.03,5.942,35.54,4.208,8.246,"Guatemala",1.324,"Guatemala",1.324,81.6,0.0162254901960784
"36","Honduras","North America",0.548583020992056,2572.5818,167,23447.536,5,514.51636,50,"North America",5.28156557023951,4.10592326395368,5.99385418561572,3.80668065182598,0.990508825556457,4.03570649943827,1.336151787,23.2671243959137,2255106,2530157,149652.75,"15.199999",24.0576923076923,19.3276922274859,28.8364103268354,1894.73846279046,22983237804.2672,2397.67141974034,11.8401322681862,0.634,"Medium",10432860,5.152,0.852,2.4,63.128,10.474,29.356,21.572,3.578,10.05,26.746,4.43,12.458,"Honduras",2.4,"Honduras",2.4,51.67,0.0464486162183085
"37","Hungary","Europe",0.264501546824576,6558.1612,278,123977.407,5,1311.63224,77,"Europe",54.1692462363973,-8.47657785213036,-40.0810562590773,60.2358611010094,109.330636536276,35.035621952495,0.614533969,25.4476519266471,5698963,12936451,810029.88,"47.162494000000002",9.95466658274333,4.9117777718438,15.0311111238268,589.157775878906,137863325606.58,14097.9829748954,3.57042443154639,0.854,"Very High",9967308,2.012,0.918,0.956,95.574,43.552,45.372,25.144,11.468,11.954,23.588,10.768,11.206,"Hungary",0.956,"Hungary",0.956,30.87,0.0309685779073534
"38","India","Asia",0.214525804676401,102726.2378,231,2394326.026,5,20545.24756,76,"Asia",1.93736319812939,1.50731658089818,1.55821479344505,1.78738173893008,2.41266468032853,1.84058819834625,1.42099851,30.3230819316608,33873892,52427857,4768830.7,"20.593684",23.8633720866889,17.8689892655622,29.9050983979612,1001.45295023364,2498519515100.86,1846.68329204378,16.7823789853985,0.645,"Medium",1417173173,0.364,0.044,0.146,107.302,13.388,43.578,43.79,5.46,17.772,16.418,2.048,6.67,"India",0.146,"India",0.146,19.48,0.00749486652977413
"39","Indonesia","Asia",0.321377829646248,36898.0452,217,574064.444,5,7379.60904,53,"Asia",0.487372471295636,2.01948920129522,1.81428979693517,2.23336204897898,1.81120979974827,1.67314466365066,5.292674523,33.6549305837751,29610813,40833745,3327555.6,"-0.78927499999999995",25.3768590755495,20.7359592133346,30.0683021674941,2717.41578640638,986074732538.818,3682.811406268,13.1717891232277,0.718,"High",275501339,0.03,0.01,0.02,61.398,11.668,31.684,27.258,5.19,14.092,36.932,7.03,19.038,"Indonesia",0.02,"Indonesia",0.02,27.29,0.000732869182850861
"40","Iran (Islamic Republic of)","Asia",0.499999804836537,426.5656,1,4265.655,5,85.31312,77,"Asia",0.736317507426721,1.0313787661286,0.716936645065775,0.517567581681818,0.579578525834024,0.716355805227388,0.361133136,30.8142009069069,2303434,3385119,718473.02,"32.427908000000002",17.5894408903945,10.4835623032369,24.7391852799315,218.332268632639,446986383846.55,5467.42548591202,11.4955970962438,0.783,"High",88550570,0.354,0.076,0.154,41.922,8.814,18.362,6.356,1.336,2.772,3.29,0.69,1.448,"Iran (Islamic Republic of)",0.154,"Iran (Islamic Republic of)",0.154,19.49,0.00790148794253463
"41","Ireland","Europe",0.213243089971976,775.9712,103,18194.521,5,155.19424,31,"Europe",34.4282353909323,17.3808735703701,17.4946584687148,-11.6839510353976,7.61975327542122,13.0479139340082,0.374945648,39.2739648916375,2674831,1625746,631927.67,"53.412909999999997",8.78846146510198,5.16897433843368,12.4558974045974,1058.41282301683,347677908261.674,71295.2117608945,0.969563213880178,0.955,"Very High",5023109,6.198,0.582,0.354,174.316,77.346,47.232,61.392,26.172,15.974,132.624,33.638,20.526,"Ireland",0.354,"Ireland",0.354,4.65,0.0761290322580645
"42","Israel","Asia",1.46426803497836,6430.0198,293,21956.888,5,1286.00396,66,"Asia",3.75770610313262,4.75473767589948,5.75806351489424,4.36315417984877,5.9649118307083,4.91971466089668,0.669398308,21.4867415928698,1598233,1034849,834678.36,"31.046050999999999",18.6571431841169,12.2671428407942,25.0985715048654,208.142856052944,335881523759.702,37803.2377763869,1.18509817018102,0.919,"Very High",9038309,14.81,0.816,1.594,102.494,5.64,10.986,14.054,0.774,1.512,74.2125,4.09,7.9275,"Israel",1.594,"Israel",1.594,45.76,0.0348339160839161
"43","Italy","Europe",1.04861027100746,49788.939,309,237407.081,5,9957.7878,83,"Europe",1.36684517505744,0.567766926666821,2.11525548165585,1.55051138371564,-1.16724320716093,0.886627151986964,0.702254139,18.0172016929253,23084759,14373331,6145913.45,"41.871940000000002",11.1608396774826,7.03992362718546,15.3199236829772,1013.51221029267,1864912004999.04,31000.2454202181,1.95273964967713,0.892,"Very High",59037474,5.992,0.91,1.414,64.404,9.804,15.214,19.332,2.944,4.568,12.716,1.938,3.004,"Italy",1.414,"Italy",1.414,33.37,0.042373389271801
"44","Ivory Coast","Africa",0.325771749653072,6170.1692,66,94703.283,5,1234.03384,51,"Africa",1.20479671875659,1.88999767201244,1.06932420831873,1.45010160325616,1.16207400513187,1.35525884149516,9.159069717,21.0533722681473,7517864,4838474,87667.1,"7.5399890000000003",26.4967856066568,21.419107062476,31.6240178516933,1327.5124936785,55813375797.8403,2221.55516034757,20.2166080618099,0.538,"Low",28160542,0.006,0,0.006,6.192,1.964,4.124,6.006,1.912,4.034,6.876,2.194,4.624,"Côte d'Ivoire",0.006,"Côte d'Ivoire",0.006,15.15,0.000396039603960396
"45","Japan","Asia",1.53044437397368,59513.4738,375,194433.813,5,11902.69476,69,"Asia",0.818481615264516,0.381319638034274,0.501988769673437,0.779973898912205,1.22050812084511,0.740454408545908,0.679453614,25.3753851182186,3346720,655171,9137661.59,"36.204824000000002",10.1313333547477,5.83157575184649,14.4623636101231,1641.99514752012,4508830022300.65,35571.7810326004,1.0750025612029,0.919,"Very High",123951692,11.744,0.408,1.94,84.772,2.946,14.02,77.112,2.682,12.752,61.248,2.128,10.128,"Japan",1.94,"Japan",1.94,20.97,0.0925131139723414
"46","Kazakhstan","Asia",0.100449772709609,6749.0844,186,335954.149,5,1349.81688,58,"Asia",12.5466202801439,2.8520571787889,0.196995407987547,2.05367643388584,4.20518801756716,4.37090746367467,0.273028574,27.1169734800619,2882438,10739093,231620.18,"48.019573000000001",5.57765283495891,-0.177622642214849,11.344528292395,267.809207896107,199885801133.58,10933.0473817021,4.66529311308519,0.825,"Very High",19397998,0.436,0.706,0.786,2.652,4.314,4.79,1.6,2.584,2.852,0.076,0.122,0.138,"Kazakhstan",0.786,"Kazakhstan",0.786,71.59,0.0109791870372957
"47","Kenya","Africa",0.231404020018524,808.0116,94,17463.825,5,161.60232,77,"Africa",0.627591458025454,1.64085110521414,0.832686431508354,0.468162589298899,0.423482497895464,0.798554816388462,12.62715937,19.6825704799366,2387202,1535589,283095.13,"-2.3559E-2",24.3490957402168,18.4765957441736,30.2732445838604,659.499999269526,79487749921.954,1545.29862003712,20.9450473849965,0.601,"Medium",54027487,0.25,0.03,0.134,22.974,2.822,12.322,23.228,2.856,12.496,5.498,0.676,2.966,"Kenya",0.134,"Kenya",0.134,8.4,0.015952380952381
"48","Korea (the Republic of)","Asia",0.356599456424781,12404.6754,350,173943.36,5,2480.93508,57,"Asia",0.806893302496192,1.10307799056185,0.706300893808141,0.58339386057331,0.53513172114211,0.746959553716321,0.910731999,31.4547741961154,4009034,1625716,4363470.51,"35.907756999999997",10.3332500338554,5.09449998140335,15.601499915123,963.717498779297,1585852491805.96,30758.0882405013,1.79128354374522,0.916,"Very High",51815810,11.426,0.36,1.21,132.128,4.136,13.95,89.018,2.788,9.396,89.596,2.804,9.46,"Republic of Korea",1.21,"Republic of Korea",1.21,50.22,0.0240939864595779
"49","Kyrgyzstan","Asia",0.499299596245297,92.5,15,555.783,3,30.8333333333333,64,"Asia",9.0886882786326,-1.3918435347293,1.74369127894699,4.55263119082343,-5.16032739132595,1.76656796446955,2.061440597,33.0823828240463,171954,321745,103419.28,"41.20438",0.529411758920726,-5.71129409372807,6.77105880800416,556.521174531824,7402806745.66406,1170.12830130659,12.4527562327032,0.697,"Medium",6630623,0.452,0.1,0.182,14.522,3.122,5.822,1.678,0.36,0.674,0.21,0.046,0.084,"Kyrgyzstan",0.182,"Kyrgyzstan",0.182,7.16,0.0254189944134078
"50","Latvia","Europe",0.188373979723218,806.431,100,21405.172,5,161.2862,55,"Europe",1.19436613264231,3.78422308566012,1.24257767251277,3.16996519105049,2.80606941541604,2.43944029945635,11.12703501,22.2847503875735,1652591,4967116,694875.28,"56.879635",6.01583337783813,1.76666664911641,10.2847221957313,542.174997117784,29404779729.3939,15252.323187589,3.68773728880813,0.866,"Very High",1850651,1.27,0.866,0.994,60.172,41.008,47.126,20.644,14.082,16.182,24.076,16.42,18.86,"Latvia",0.994,"Latvia",0.994,37.8,0.0262962962962963
"51","Lithuania","Europe",0.156784207299952,1267.6116,118,40425.171,5,253.52232,55,"Europe",2.7354410644298,2.89733605891245,2.41826923350019,6.27872737510754,7.92013203414385,4.44998115321877,2.983675156,17.9553438633262,2833060,7384485,744929.35,"55.169438",6.57473679592735,2.36052632018139,10.8089474376879,649.81841719778,45826026520.4419,16274.1805944058,3.16788232739176,0.882,"Very High",2750055,1.206,0.942,0.83,77.33,60.812,53.602,23.928,18.782,16.596,33.258,26.096,23.066,"Lithuania",0.83,"Lithuania",0.83,42.12,0.0197056030389364
"52","Malawi","Africa",0.284599827723534,1460.8064,71,25667.464,5,292.16128,60,"Africa",2.12956276035325,1.00854877278746,0.779423435163535,0.500915867471881,0.371660011757899,0.958022169506805,1.418658355,22.3737853513431,285476,385020,33014.35,"-13.254308",21.7828206771459,16.4241026609372,27.188717964368,1165.28973858173,7086025552.16311,390.056245135344,23.2280928569689,0.483,"Low",20405317,0.62,0.13,0.302,20.652,4.322,9.902,5.524,1.154,2.636,4.36,0.908,2.07,"Malawi",0.302,"Malawi",0.302,97.72,0.00309046254604994
"53","Malaysia","Asia",0.388692355058504,9642.39,180,124035.39,5,1928.478,42,"Asia",4.47131928679735,2.93579239075024,2.3145700039249,2.5062999414436,1.20436116630814,2.68646855784485,1.801996398,23.2434588536224,16694041,22146904,2037401.07,"4.2104840000000001",25.7698147561815,21.5565741680287,30.0330555174086,2727.37870053892,341161843963.641,10817.4911130097,8.00143558094195,0.81,"Very High",33938221,5.936,1.566,2.828,52.252,13.768,24.878,21.206,5.576,10.082,123.12,32.35,58.578,"Malaysia",2.828,"Malaysia",2.828,58.19,0.0485994157071662
"54","Mali","Africa",0.185485219947362,2533.951,43,27321.628,2,1266.9755,53,"Africa",2.54153260710679,3.64934228702434,2.73738513260563,4.97152245573442,3.07380326162288,3.39471714881881,10.79011373,21.0015233816958,583431,377990,49237.57,"17.570692000000001",28.1119092563456,20.9797852363677,35.2935799482614,322.119331241507,15127960296.6906,792.069729902466,37.1888856141396,0.434,"Low",22593590,0,0,0,17.886,6.134,16.26,6.468,2.234,5.924,4.06,1.4,3.714,"Mali",0,"Mali",0,30.06,0
"55","Mexico","North America",0.492128290826084,42539.3506,367,432222.978,5,8507.87012,100,"North America",3.60415546907349,2.85885218291923,3.09551595718239,2.33822831096083,2.88607557759766,2.95656549954672,0.224525374,21.9108016591624,20825209,16181063,3395729.3,"23.634501",20.197625171132,12.5784692443662,27.8651788217656,696.385407039877,1217803372316.95,9656.37840534313,3.46082961615946,0.779,"High",127504125,2.11,0.382,0.776,61.14,11.146,22.574,20.846,3.794,7.678,11.13,2.018,4.074,"Mexico",0.776,"Mexico",0.776,38.68,0.0200620475698035
"56","Moldova (the Republic of)","Europe",0.263355001322671,615.254,116,2336.182,1,615.254,52,"Europe",1.08332195975069,1.54626673550381,2.56086803365294,4.23302477610078,1.3273488754395,2.15016607608954,0.608337853,23.9796542525466,790835,1783270,118262.7,"47.411631",10.1415788248966,5.38736840298301,14.9373684431377,588.04736328125,8603648135.57007,3178.12770501169,10.4009367190571,0.75,"High",3272996,1.668,0.8,1.202,26.636,12.754,19.17,12.104,5.802,8.576,5.234,2.506,3.768,"Republic of Moldova",1.202,"Republic of Moldova",1.202,46.53,0.025832796045562
"57","Morocco","Africa",0.441203027731189,2766.7624,261,31354.732,5,553.35248,84,"Africa",2.08433794311567,2.44351130257047,3.00127049551751,1.43557078446943,1.23662001419247,2.04026210797311,0.820570263,31.7616446809299,3490790,3207843,1039179.98,"31.791702000000001",17.2063124299049,11.3336875021458,23.1263749837875,462.156249237061,107473309816.215,2937.10766601563,12.0808313141318,0.686,"Medium",37457971,1.448,0.38,0.908,21.14,5.536,13.062,14.732,3.886,9.286,11.122,2.902,6.82,"Morocco",0.908,"Morocco",0.908,51.59,0.0176003101376236
"58","Mozambique","Africa",0.29897287033644,1676.296,91,28034.299,5,335.2592,38,"Africa",26.2055100971596,17.5433695809103,11.3035763592629,21.9579098141976,22.7242507639605,19.9469233230982,1.298548011,49.5391290485565,343978,739902,131304.81,"-18.665694999999999",23.5607063336,18.161933090607,29.0081784202264,1089.36951625214,17531327571.9647,594.141929094936,24.450956580546,0.456,"Low",32969518,0.092,0.02,0.128,4.8,0.956,6.582,0.774,0.156,1.058,0.952,0.192,1.288,"Mozambique",0.128,"Mozambique",0.128,82.29,0.00155547454125653
"59","Myanmar","Asia",0.0785029876812758,1222.52,96,15576.126,1,1222.52,42,"Asia",5.43705751194465,7.81825877614867,2.63340940138882,2.52641342173559,2.41625215462419,4.16627825316838,2.376458173,32.1118161578708,4567569,7661938,151707.55,"21.913965000000001",23.51,18.14,28.94,2060.91,78354197905.1351,1457.71245311109,23.3885313981984,0.583,"Medium",54179306,1.178,0.276,0.476,22.536,5.246,9.084,9.486,2.206,3.818,8.384,1.948,3.374,"Myanmar",0.476,"Myanmar",0.476,45.78,0.0103975535168196
"60","Namibia","Africa",0.31420319342579,47.11575,64,599.92,4,11.7789375,23,"Africa",3.34571187940377,2.17505733750208,1.71299267803583,-1.40696324380009,-1.50855208327853,0.863649313572612,1.37933422,16.5847823835744,86312,76944,34706.81,"-22.957640000000001",19.7406920396745,12.2364705920632,27.2928719570068,265.388235259634,11098577939.7573,4538.22390062495,7.68676759068849,0.646,"Medium",2567012,0.07,0.02,0.108,19.86,6.622,31.026,0.986,0.326,1.546,0.42,0.138,0.648,"Namibia",0.108,"Namibia",0.108,62.82,0.00171919770773639
"61","Netherlands","Europe",0.384549638641237,5800.6106,228,75421.168,5,1160.12212,51,"Europe",29.7600440934451,25.3535815888928,-37.6760391516287,-3.71348618512368,-25.9542743324151,-2.44603479736592,2.918951584,21.175281603037,45709592,38178532,7123590.96,"52.132632999999998",8.82687503099442,4.87125000357628,12.8218749165535,706.524997711182,812038787267.997,47110.4057758669,1.69818370224664,0.944,"Very High",17564014,10.764,0.668,0.626,204.236,12.672,11.88,12.434,0.77,0.722,54.906,3.41,3.196,"Netherlands",0.626,"Netherlands",0.626,63.72,0.00982423101067169
"62","New Zealand","Oceania",0.585755179805976,3736.7936,210,31897.16,5,747.35872,58,"Oceania",1.06340229865333,1.15670915549888,1.18728563942506,1.36858249737908,1.91633471593424,1.33846286137812,11.87810148,23.3662719303656,4498894,2045782,231825.21,"-40.900556999999999",9.43834782890652,4.66799999397734,14.2500869087551,1539.3965236498,195148081661.117,39827.0820891739,5.6951227670618,0.931,"Very High",5185288,8.888,1.112,0.304,60.688,95.092,25.978,25.08,62.828,17.168,29.376,30.68,8.384,"New Zealand",0.304,"New Zealand",0.304,48.15,0.00631360332294912
"63","Nicaragua","North America",0.380683998705598,1962.9608,139,25781.783,5,392.59216,32,"North America",7.44463173977873,7.51056699953413,6.43059172530585,3.99312958089458,5.93074978832282,6.26193396676722,0.818684521,24.3645954846717,1048503,1413227,64528.73,"12.865416",25.2833333757189,20.9906667921278,29.6257777320014,2402.85555284288,13300980333.9693,2058.87775894278,15.2082592508215,0.66,"Medium",6948392,4.266,1.182,2.598,34.25,9.49,20.93,9.444,2.614,5.764,13.074,3.612,7.844,"Nicaragua",2.598,"Nicaragua",2.598,9.6,0.270625
"64","Norway","Europe",0.137117189002765,342.387,71,12485.32,5,68.4774,27,"Europe",-5.06160492142916,1.48109795486344,-1.29618383212857,4.03263923720599,-1.13271105899905,-0.39535252409747,0.830739443,28.8324273952886,486970,375832,1579795.37,"60.472023999999998",1.16902222678893,-2.33764444905851,4.68035555521647,831.228446180556,400482124625.4,75415.9461811374,1.91625700938272,0.957,"Very High",5434319,0.806,0.124,0.298,128.266,19.376,47.564,25.366,3.832,9.404,50.88,7.688,18.868,"Norway",0.298,"Norway",0.298,4.19,0.0711217183770883
"65","Pakistan","Asia",0.258796814488601,16874.8046,223,326023.853,5,3374.96092,69,"Asia",0.821350368031535,0.735836874144917,0.4877456708772,0.696146444706966,0.684967242738948,0.685209320099913,1.188090186,15.9642098889791,5401748,10708676,2883306.87,"30.375321",20.1369908126213,13.1322491871912,27.1847112954659,252.13525823112,308938264871.815,1454.93458037858,21.6967289215878,0.557,"Medium",235824862,0.372,0.056,0.168,108.172,16.186,48.216,37.952,5.69,16.954,1.546,0.232,0.684,"Pakistan",0.168,"Pakistan",0.168,89.03,0.00188700438054588
"66","Panama","North America",0.499461602079996,1037.54,162,10386.56,5,207.508,51,"North America",9.0633108673325,6.56251387027654,8.11228963341622,6.64517048665604,-3.99194639722443,5.27826769209137,5.84139029,37.214617024713,285310,832330,31831.81,"8.5379810000000003",25.0954544760964,21.6227273074063,28.6127273386175,2412.77727716619,59079667461.4365,14157.031828048,2.43806284060374,0.815,"Very High",4408581,3.28,0.54,1.47,18.29,2.972,8.12,12.936,2.12,5.794,17.024,2.764,7.536,"Panama",1.47,"Panama",1.47,16.78,0.0876042908224076
"67","Paraguay","South America",0.263267274871171,21496.4486,102,408268.159,5,4299.28972,49,"South America",1.60123550835077,1.27837338216159,0.481848415666394,0.906787499696196,0.262261666258205,0.906101294426631,1.448676303,20.9830147249505,4579262,13944406,89421.19,"-23.442502999999999",24.063049627534,18.3043971839526,29.8709220209866,1001.72056720274,39838261900.8442,5727.00933336975,10.5798608340843,0.728,"High",6780744,4.26,0,2.102,27.188,18.726,13.352,46.034,31.714,22.66,42.112,29.002,20.704,"Paraguay",2.102,"Paraguay",2.102,107.22,0.0196045513896661
"68","Peru","South America",0.587195386302874,10331.851,204,87976.863,5,2066.3702,90,"South America",3.54632181513211,3.51334442453934,2.63824378661164,2.08491789500609,0.362712384681173,2.42910806119407,0.91690529,20.6885337332279,6863464,3743309,372097.34,"-9.1899669999999993",19.1033021326087,12.9146838453129,25.3345198553117,1576.78172975458,203277100522.565,6361.64420453201,7.03123569856082,0.777,"High",34049588,1.728,0.31,0.606,52.744,9.432,18.492,16.344,2.92,5.72,17.714,3.166,6.182,"Peru",0.606,"Peru",0.606,35.05,0.0172895863052782
"69","Philippines","Asia",0.276726285085077,13819.844,179,249704.849,5,2763.9688,67,"Asia",2.59851000465018,3.12238654509764,2.86833662667894,2.3011757412563,1.8858637841223,2.55525454036107,0.990189605,24.2326092999962,4409391,4521003,615025.73,"12.879721",25.8101111518012,21.3645555390252,30.3050000084771,2601.72778049045,361516844685.742,3388.6636590322,9.80877096026834,0.718,"High",115559009,2.056,0.214,0.732,62.956,6.56,22.43,15.866,1.652,5.654,17.31,1.804,6.168,"Philippines",0.732,"Philippines",0.732,8.88,0.0824324324324324
"70","Poland","Europe",0.231616890874893,14425.2806,293,311405.018,5,2885.05612,63,"Europe",3.87639080927315,2.23396043390532,3.0002804923747,2.82028262702016,2.91439661041426,2.96906219459752,1.165700703,19.4698097528925,12747695,18269511,3120562.09,"51.919438",7.71810653223794,3.52597633956452,11.9321893545297,594.366862099552,535897599151.081,14118.8357664299,2.51337043430717,0.88,"Very High",39857145,2.142,0.638,0.758,93.25,27.788,33.038,30.19,9,10.694,48.42,14.432,17.158,"Poland",0.758,"Poland",0.758,28.08,0.026994301994302
"71","Portugal","Europe",1.24403505192088,8059.0706,197,32390.824,5,1611.81412,77,"Europe",3.56292563262165,4.82650295326736,3.23799499125135,4.30025203399647,1.66957531401856,3.51945018503108,2.285876272,17.7189326112328,3538834,3183687,945602.05,"39.399872000000002",14.2597435437716,10.1330769489973,18.4397436533219,854.371793306791,211295788225.306,20517.8004441065,2.07843212474418,0.864,"Very High",10270865,4.768,0.828,1.288,59.078,10.2,15.922,22.81,3.934,6.148,19.52,3.376,5.258,"Portugal",1.288,"Portugal",1.288,4.16,0.309615384615385
"72","Romania","Europe",0.222909716898913,8080.4708,238,181260.484,5,1616.09416,71,"Europe",3.32327381670138,2.81201621442387,3.0413480951196,2.94757277076508,1.44378939413088,2.71360005822816,1.172328513,23.5372755501293,4754489,15105056,921324.77,"45.943161000000003",9.1599082334326,3.9920183527497,14.3541284088695,751.793578261629,204211858961.577,10488.1868913485,4.16115558839305,0.828,"Very High",19659267,0.638,0.3,0.372,46.21,21.748,27.132,18.482,8.71,10.85,7.368,3.478,4.35,"Romania",0.372,"Romania",0.372,50.22,0.00740740740740741
"73","Russian Federation","Europe",0.127574191701175,38608.322,248,1513166.372,5,7721.6644,63,"Europe",2.54849873389468,1.8140929436605,0.530060511511943,1.88851854086689,0.636879035113353,1.48360995300947,2.359296584,22.9531702195615,18901604,64231308,3152813.46,"61.524009999999997",-6.34049283101454,-11.3204447521423,-1.37027303344534,402.297115367524,1414236824795.95,9639.3853515625,3.66409012273968,0.824,"Very High",144713314,0.636,0.54,0.822,13.194,11.18,16.992,4.84,4.1,6.24,3.202,2.71,4.118,"Russian Federation",0.822,"Russian Federation",0.822,56.16,0.0146367521367521
"74","Saudi Arabia","Asia",0.500010191495496,33.6474,1,336.457,5,6.72948,30,"Asia",1.15554675314131,0.206051737802034,0.520110011812292,0.56775526714284,0.767614997892576,0.64341575355821,0.119273966,28.5848775281829,1471400,1512810,1287395.83,"23.885942",25.1667862130032,18.0776183895948,32.3053515145563,103.631707296823,666498098552.326,19810.3667899404,2.41833018297909,0.854,"Very High",36408820,2.452,0.266,1.416,50.792,5.446,29.518,25.894,2.772,14.992,7.518,0.8,4.286,"Saudi Arabia",1.416,"Saudi Arabia",1.416,26.37,0.0536973833902162
"75","Serbia","Europe",0.269791591788337,3162.2954,241,58634.454,5,632.45908,53,"Europe",5.78781431167226,6.55200965004633,8.04076379354097,8.28646741082213,6.53564377889164,7.04053978899467,NA,21.918476999223,2746888,6604425,441209.95,"44.016520999999997",9.76131572221455,4.75763159676602,14.7923685124046,827.781580874794,43468620199.7217,6228.84176690582,6.29309520534494,0.806,"Very High",7221365,NA,NA,NA,73.346,23.336,30.292,20.164,6.426,8.236,20.01,6.368,8.21,NA,NA,NA,NA,NA,NA
"76","Slovakia","Europe",0.178124546767482,1412.4244,239,39647.42,5,282.48488,70,"Europe",5.28896368710227,4.42963231922883,2.13122935057038,2.16538421813101,-0.314336605525244,2.74017459390145,NA,22.3463128880598,2064652,4000335,649807.26,"48.669026000000002",7.39000005307405,2.45565218122109,12.3473912943964,785.96522322945,94764021675.4888,17400.0888840151,1.98205011190969,0.86,"Very High",5643453,1.276,0.32,0.79,92.928,23.256,57.548,18.57,4.646,11.492,13.996,3.502,8.662,"Slovakia",0.79,"Slovakia",0.79,69.45,0.0113750899928006
"77","Slovenia","Europe",0.477606477191975,515.5002,162,5396.675,5,103.10004,63,"Europe",3.23069044265375,2.46192788841905,2.83979988625353,3.97117406116994,0.944715758859051,2.68966160747106,1.807103665,20.0624728543202,1361143,2386502,745314.51,"46.151240999999999",7.68099994659424,2.91900000572205,12.466999912262,1548.60997924805,47642114721.3526,22910.3896782721,2.02889196886447,0.917,"Very High",2119844,4.524,0.514,1.094,116.562,13.238,28.178,37.224,4.23,9.006,45.446,5.164,10.998,"Slovenia",1.094,"Slovenia",1.094,10.44,0.104789272030651
"78","South Africa","Africa",0.513991314315017,25834.3482,282,251345.519,5,5166.86964,65,"Africa",0.684612553455795,0.539673956759456,1.37571218998329,1.31880445443166,0.94011829658451,0.971784290242942,2.209296096,15.7757557579297,7076216,10479929,754962.92,"-30.559481999999999",16.8000222505599,9.48289532650818,24.1653451962036,561.342539585513,350945814474.13,6077.41845221339,2.33502468371323,0.709,"High",59893885,2.16,0.464,1.22,31.254,6.716,17.578,20.134,4.328,11.344,10.582,2.272,5.962,"South Africa",1.22,"South Africa",1.22,29.74,0.0410221923335575
"79","Spain","Europe",1.04605958243872,52692.452,431,251861.621,5,10538.4904,95,"Europe",3.58933199084792,2.40490738202634,4.12571580987285,1.77733300200007,2.63252111800562,2.90596186055056,1.051172715,20.0447083919341,32837683,25549983,3244723.36,"40.463667000000001",12.2403255817502,6.97074418040209,17.5525116099868,699.093487832713,1260717307359.37,26898.2463572556,2.82289721428769,0.904,"Very High",47558630,3.14,1.136,0.984,61.362,22.126,19.138,26.666,9.612,8.308,23.188,8.36,7.22,"Spain",0.984,"Spain",0.984,8.4,0.117142857142857
"80","Sri Lanka","Asia",0.583125878188064,1464.1378,80,12554.287,5,292.82756,43,"Asia",1.08863843215089,1.57011601711461,1.83491153361423,0.886106578261042,0.535841807797904,1.18312287378774,2.781788155,28.1508486668162,2700301,1331374,154294.84,"7.8730539999999998",26.4852380298433,22.8804762704032,30.1376188369024,1602.4904843285,88516567401.0954,4095.85098002913,7.89054177082674,0.782,"High",21832143,0.81,0.09,0.374,57.55,6.366,26.136,15.27,1.692,6.94,27.192,3.018,12.18,"Sri Lanka",0.374,"Sri Lanka",0.374,83.99,0.00445291106084058
"81","Sweden","Europe",0.190521538571952,1083.6298,130,28438.566,5,216.72596,40,"Europe",3.03348125315564,4.54101429590326,-0.246421087777435,2.92674304394899,3.38282968188432,2.72752943742296,3.87002816,25.268633327473,2683947,2899194,1649226.32,"60.128160999999999",1.99032051390252,-2.33650640960639,6.32413462774518,443.397434821496,533386472714.512,52509.5371526141,1.40347904546488,0.945,"Very High",10549347,0.606,0.156,0.34,75.766,19.386,42.252,12.796,3.272,7.148,14.94,3.82,8.352,"Sweden",0.34,"Sweden",0.34,13.15,0.0258555133079848
"82","Switzerland","Europe",0.48178314833063,749.4264,213,7777.544,5,149.88528,55,"Europe",23.9794767692779,20.3321979449239,-21.8054744512594,1.19913973180918,-34.2089630717001,-2.1007246153897,0.149839704,25.6669729728492,4556492,411623,2525657.86,"46.818187999999999",4.3317646875101,0.810588237117319,7.86705876799191,1293.58823170381,738333114664.072,86753.7388197646,0.645739744581445,0.955,"Very High",8740472,4.776,0.238,0.522,107.106,5.332,11.702,32.002,1.592,3.496,37.458,1.864,4.092,"Switzerland",0.522,"Switzerland",0.522,21.25,0.0245647058823529
"83","Taiwan (Province of China)","Asia",0.596245412349134,3032.0436,141,25426.172,5,606.40872,62,"Asia",1.55564214957618,1.34913267883946,1.69390529382545,1.31071877840352,1.7231837927804,1.526516538685,0.400343585,43.2111858926227,2227954,1204850,NA,"23.69781",18.9107693892259,15.1346154579749,22.7384617145245,1940.00769042969,NA,NA,NA,NA,NA,NA,13.062,0.434,1.462,182.502,6.09,20.486,148.394,4.952,16.658,142.276,4.748,15.968,"China, Taiwan Province of",1.462,"China, Taiwan Province of",1.462,42.15,0.0346856465005931
"84","Tajikistan","Asia",0.500001253484703,132.245,1,793.468,3,44.0816666666667,43,"Asia",3.45541562095808,2.46571436621114,2.84432481729144,2.56373022995454,1.30974719340915,2.52778644556487,16.22699856,35.315785032736,156551,234526,52179.85,"38.861033999999997",2.95362067116617,-3.23017242139783,9.14431033309164,562.962066255767,10174077652.9688,1115.72367747518,21.1486224096068,0.668,"Medium",9952787,0.256,0.03,0.066,31.77,3.532,7.678,4.702,0.53,1.154,1.242,0.138,0.308,"Tajikistan",0.066,"Tajikistan",0.066,19.92,0.00331325301204819
"85","Tanzania, the United Republic of","Africa",0.302701474699953,304.8292,49,5035.465,5,60.96584,62,"Africa",1.73592565476401,1.75860651135026,1.70440977350521,1.9910001589942,1.09740565872468,1.65746955146767,3.301593438,37.0483265860802,1465497,2202106,143934.62,"-6.369028",22.2017974043204,16.5432352957383,27.9092156840306,879.334312089908,NA,NA,NA,0.529,"Low",65497748,0,0,0,8.824,2.36,8.258,3.3,0.888,3.126,0.88,0.236,0.82,"United Republic of Tanzania",0,"United Republic of Tanzania",0,30.06,0
"86","Thailand","Asia",0.640482198580615,45733.0592,217,357020.559,5,9146.61184,63,"Asia",0.843364746913038,1.81550201260974,2.60211315231686,0.880450094733977,-0.969688900991924,1.03434822111634,4.06141894,23.3505942997775,25783996,32327224,1989603.27,"15.870032",26.5767261300768,21.3258333092644,31.8791665917351,1563.19940330869,438084912017.245,6311.35950212204,8.38197403778844,0.777,"High",71697030,1.332,0.42,0.632,67.8,21.496,32.31,17.788,5.64,8.478,25.394,8.05,12.098,"Thailand",0.632,"Thailand",0.632,9.34,0.0676659528907923
"87","Tunisia","Africa",0.554665702861282,1613.1584,170,14541.767,5,322.63168,68,"Africa",1.40342844396162,1.92329080868051,2.31678663612885,1.93947138665383,1.39288219960342,1.79517189500565,0.527082907,19.3344652973423,1268989,665625,377714.11,"33.886916999999997",18.821355900522,12.6745762825012,25.0172882403358,300.013557757361,47262969456.1134,4088.50810202565,9.44580620766236,0.74,"High",12356117,0.644,0.278,0.486,17.434,7.494,13.228,10.7,4.596,8.078,1.128,0.486,0.854,"Tunisia",0.486,"Tunisia",0.486,9.6,0.050625
"88","Turkey","Asia",0.356750081990092,14436.9056,283,202337.864,5,2887.38112,89,"Asia",1.59079130572528,1.30268319907129,1.6063521333592,1.25794275012057,1.08770713996894,1.36909530564906,0.490824711,29.0052602450345,14089836,15388986,5061632.58,"38.963745000000003",11.2310836012518,5.05693498452197,17.440309604255,564.617646586415,970895819398.806,11804.6384394737,6.20765373450053,0.82,"Very High",85341241,2.312,0.656,0.812,76.598,21.714,26.986,30.022,8.522,10.594,5.062,1.436,1.786,"Türkiye",0.812,"Türkiye",0.812,75.12,0.0108093716719915
"89","Turkmenistan","Asia",0.308593487882714,490.0406,10,7939.814,5,98.00812,24,"Asia",6.20181210651458,5.49999583590725,4.89948824038576,4.70786927420883,0,5.3272913642541,NA,24.8587655051599,68439,102132,40659.59,"38.969718999999998",15.937099981308,9.27099998950958,22.6475999927521,109.231999931335,41805209543.1049,7197.21831167977,10.8695749248565,0.715,"High",6430770,4.86,1.662,2.418,190.074,65.144,94.574,15.124,5.146,7.546,0.566,0.192,0.282,"Turkmenistan",2.418,"Turkmenistan",2.418,15.44,0.15660621761658
"90","Uganda","Africa",0.13702757385855,3.061,15,22.34,1,3.061,34,"Africa",2.14253048045235,2.61088917415985,3.20512811057536,3.60332475717377,2.32389435749795,2.77715337597186,3.734080143,24.8208419055659,1243117,1568500,69008.87,"1.3733329999999999",22.6155128968068,16.5810256860195,28.6989743403899,998.02692198142,37301449379.1217,872.516876937261,23.2487988478301,0.544,"Low",47249585,0.01,0,0.01,1.018,0.216,1.044,0.496,0.106,0.504,0.456,0.096,0.46,"Uganda",0.01,"Uganda",0.01,6.86,0.00145772594752187
"91","Ukraine","Europe",0.204372802710983,24624.3516,292,602459.583,5,4924.87032,71,"Europe",4.42178358298744,3.28306056533099,3.80087103565933,3.76649836392355,0.194103020682487,3.09326331371676,1.864325198,16.8199781336355,19661363,71711779,898550.25,"48.379432999999999",8.61057238948064,4.03582491151211,13.2083501655245,526.881481132122,97510549104.6644,2309.01328125,10.0636442335476,0.779,"High",39701739,0.978,0.742,0.712,42.398,32.364,30.738,11.03,8.42,7.99,9.052,6.91,6.554,"Ukraine",0.712,"Ukraine",0.712,28.74,0.0247738343771747
"92","United Kingdom","Europe",0.237437334902718,17245.1162,295,363150.436,5,3449.02324,39,"Europe",11.9291547673272,4.64461035873752,-0.863744974538628,0.0776981181722485,1.12658748884643,3.38286115170895,0.509675019,17.7241324471179,9150664,6767915,11208798.96,"55.378050999999999",8.19812032154628,4.43451127432343,12.001202999201,993.13609050091,3067531547048.32,46195.3457854,0.586404321830249,0.932,"Very High",67508936,3.022,0.276,0.66,167.674,15.216,36.61,30.874,2.8,6.74,43.618,3.958,9.524,"United Kingdom of Great Britain and Northern Ireland",0.66,"United Kingdom of Great Britain and Northern Ireland",0.66,50.04,0.013189448441247
"93","United States of America","North America",0.377388733909391,392176.4338,379,5196717.844,5,78435.28676,83,"North America",2.53749765919682,1.95498166240004,1.0460046181168,1.4726537992924,0.712710949221103,1.54476973764543,2.193124834,21.0035637108302,101912460,197512418,22294050.91,"37.090240000000001",6.66865660860157,0.279408188570714,13.0767034156043,620.005985720967,19217757294600,58771.109943216,0.943095057145716,0.926,"Very High",338289857,2.542,1.246,1.092,72.536,35.562,31.084,24.81,12.162,10.632,27.532,13.5,11.794,"United States of America",1.092,"United States of America",1.092,14.04,0.0777777777777778
"94","Uruguay","South America",0.444795545155184,6838.959,169,76877.807,5,1367.7918,42,"South America",-0.900908868689829,4.18238119907878,2.41709891356721,2.30084421139369,0.764733507040266,1.75282979247802,15.18074965,16.0599618667921,2200956,5262978,90260.73,"-32.522779",17.3607245182646,12.0046376905579,22.7672464674798,930.253625842108,54435764875.6406,15783.723478403,6.32254330344393,0.817,"Very High",3422794,7.164,0,2.596,79.538,49.898,28.844,64.478,40.63,23.454,27.852,17.464,10.192,"Uruguay",2.596,"Uruguay",2.596,63.2,0.0410759493670886
"95","Uzbekistan","Asia",0.845460822936947,4506.8478,61,26653.172,5,901.36956,67,"Asia",1.93048466478695,2.8966835420375,1.18686912904352,3.86675496902802,2.88549776207329,2.55325801339386,3.847989887,34.9028601179859,1418145,2471188,408820.71,"41.377490999999999",12.7470212591455,6.23021277468255,19.2971276526755,189.998404766651,100277031187.913,3035.72003244502,26.8863640585433,0.72,"High",34627652,NA,NA,NA,162.954,22.228,31.592,51.016,6.96,9.892,17.338,2.364,3.362,NA,NA,NA,NA,NA,NA
"96","Venezuela","South America",0.911521208948882,5309.9288,73,29126.856,5,1061.98576,57,"South America",3.40820855496215,3.04090234064265,3.34986981608252,2.93563062954365,2.33546643337817,3.01401555492183,NA,18.1757435717744,72776,63002,32333.92,"6.4237500000000001",25.0274827990039,19.9670000405147,30.1375172713707,1928.96000450397,NA,NA,NA,0.711,"High",28301696,1.19,0.136,0.538,53.102,6.016,23.842,29.072,3.308,13.126,28.622,3.25,12.86,"Venezuela (Bolivarian Republic of)",0.538,"Venezuela (Bolivarian Republic of)",0.538,87.4,0.00615560640732265
"97","Viet Nam","Asia",0.206455453906459,25809.5966,171,625080.486,5,5161.91932,39,"Asia",4.90089389083945,5.01149084780502,5.02102210023935,4.87906266353275,4.60315862391886,4.88312562526709,1.8784622,40.7894882942827,19304355,20080888,5774177.07,"14.058324000000001",24.2506306622479,20.4053153046617,28.147027041461,1613.77297176327,291441486686.827,3048.18193138424,NA,0.704,"High",98186856,1.65,0.2,0.39,137.756,16.73,32.5,67.58,8.214,15.972,53.002,6.44,12.522,"Viet Nam",0.39,"Viet Nam",0.39,52.69,0.00740178401973809
"98","Zambia","Africa",0.226022925290427,2167.623,154,47955.929,5,433.5246,27,"Africa",3.16251974813899,4.28050117059574,1.55231396923024,2.35091904331731,-0.953875157170138,2.07847575482243,1.084547542,37.8810694251856,303640,670157,42066.16,"-13.133896999999999",21.5716600832732,14.6481818021993,28.5439921292392,1021.92016070822,23227369461.7453,1338.67497446498,3.88634569170297,0.584,"Medium",20017675,1.1,0.244,1.25,47.244,10.47,53.37,11.45,2.518,12.938,7.85,1.708,8.764,"Zambia",1.25,"Zambia",1.25,31.82,0.0392834695160277
"99","Zimbabwe","Africa",0.586763537602967,4798.6538,136,40896.387,5,959.73076,66,"Africa",1.66927435288404,1.74688452657802,3.9627036899328,1.29379927068172,0.832965360943904,1.9011254402041,2.405355837,8.82188471563557,186830,299884,21350.64,"-19.015438",20.9870896268247,14.2565671436822,27.7684328591646,882.729850882915,20679902653.6793,1432.77078707198,8.89733348850412,0.571,"Medium",16320537,0.53,0.152,1.026,13.336,3.794,25.756,10.624,3.014,20.382,8.972,2.548,17.24,"Zimbabwe",1.026,"Zimbabwe",1.026,12.66,0.081042654028436
